Name,Week,Points,MinutesPlayed,Goals,Assists,xGoals,xAssists,CleanSheets,GoalsConceded,xGoalsConceded,Saves,BonusPoints,BonusPointsRating
Fabio Vieira,1,0,0,0,0,0,0,0,0,0,0,0,0
Gabriel,1,1,4,0,0,0,0,0,0,0.02,0,0,2
Havertz,1,2,90,0,0,0.05,0.24,0,1,1.18,0,0,11
G.Jesus,1,0,0,0,0,0,0,0,0,0,0,0,0
Jorginho,1,0,0,0,0,0,0,0,0,0,0,0,0
Kiwior,1,0,0,0,0,0,0,0,0,0,0,0,0
Martinelli,1,5,85,0,1,0,0.22,0,1,1.16,0,0,23
Nketiah,1,8,72,1,0,0.21,0.01,1,0,0.3,0,2,26
Odegaard,1,2,90,0,0,0.11,0.09,0,1,1.18,0,0,11
Thomas,1,2,90,0,0,0,0.06,0,1,1.18,0,0,18
Ramsdale,1,2,90,0,0,0,0,0,1,1.18,1,0,10
Saka,1,10,90,1,0,0.19,0.17,0,1,1.18,0,3,37
Saliba,1,5,90,0,1,0,0.03,0,1,1.18,0,0,22
Smith Rowe,1,0,0,0,0,0,0,0,0,0,0,0,0
Tavares,1,0,0,0,0,0,0,0,0,0,0,0,0
Tomiyasu,1,1,40,0,0,0.03,0.02,0,1,0.9,0,0,9
Trossard,1,1,17,0,0,0,0.01,0,1,0.88,0,0,8
Turner,1,2,90,0,0,0,0,0,2,0.83,5,0,20
White,1,1,90,0,0,0,0.03,0,1,1.18,0,0,8
Zinchenko,1,0,0,0,0,0,0,0,0,0,0,0,0
Archer,1,0,0,0,0,0,0,0,0,0,0,0,0
Bailey,1,1,45,0,0,0,0.01,0,2,1.24,0,0,-1
Cash,1,-1,86,0,0,0.74,0,0,4,2.8,0,0,1
Coutinho,1,1,3,0,0,0.08,0.01,0,1,0.65,0,0,3
Diego Carlos,1,0,26,0,0,0.27,0,0,2,1.64,0,0,6
Digne,1,-1,90,0,0,0,0.15,0,5,3.44,0,0,13
Douglas Luiz,1,1,90,0,0,0.19,0.15,0,5,3.44,0,0,10
Duran,1,0,0,0,0,0,0,0,0,0,0,0,0
Kamara,1,2,90,0,0,0.03,0.02,0,5,3.44,0,0,10
Konsa,1,0,90,0,0,0,0.01,0,5,3.44,0,0,16
Martinez,1,1,90,0,0,0,0,0,5,3.44,7,0,18
McGinn,1,2,63,0,0,0,0.03,0,3,1.8,0,0,6
Mings,1,0,30,0,0,0.01,0.16,0,2,1.08,0,0,5
Nakamba,1,2,90,0,0,0.01,0.01,0,4,4.1,0,0,9
Olsen,1,0,0,0,0,0,0,0,0,0,0,0,0
Tielemans,1,1,45,0,0,0,0.09,0,3,2.2,0,0,3
Bertrand Traore,1,0,0,0,0,0,0,0,0,0,0,0,0
Watkins,1,5,90,0,1,0.23,0.1,0,5,3.44,0,0,18
Billing,1,2,90,0,0,0.07,0.06,0,1,1.07,0,0,13
Brooks,1,2,74,0,0,0.16,0.02,0,1,0.88,0,0,4
Christie,1,2,66,0,0,0.02,0.03,0,1,0.84,0,0,8
L.Cook,1,0,0,0,0,0,0,0,0,0,0,0,0
Kelly,1,0,0,0,0,0,0,0,0,0,0,0,0
Kluivert,1,1,30,0,0,0,0.01,0,0,0.23,0,0,2
Lowe,1,0,0,0,0,0,0,0,0,0,0,0,0
Mepham,1,0,30,0,0,0,0.01,0,0,0.23,0,0,2
Moore,1,1,23,0,0,0.04,0.05,0,0,0.23,0,0,2
N.Neto,1,2,90,0,0,0,0.01,0,1,1.07,1,0,11
Rothwell,1,2,90,0,0,0.03,0.04,0,1,1.07,0,0,13
Semenyo,1,4,15,0,1,0.07,0.01,0,0,0.19,0,0,11
Senesi,1,1,59,0,0,0,0.02,0,1,0.84,0,0,9
Solanke,1,7,90,1,0,0.98,0.14,0,1,1.07,0,1,22
Tavernier,1,0,0,0,0,0,0,0,0,0,0,0,0
Hamed Traorè,1,0,0,0,0,0,0,0,0,0,0,0,0
Zabarnyi,1,2,90,0,0,0,0.01,0,1,1.07,0,0,11
Ajer,1,1,83,0,0,0,0.01,0,2,1.14,0,0,7
Collins,1,1,90,0,0,0,0.01,0,2,1.26,0,0,16
Damsgaard,1,1,41,0,0,0.07,0.01,0,0,0.57,0,0,4
Dasilva,1,0,0,0,0,0,0,0,0,0,0,0,0
Flekken,1,2,90,0,0,0,0,0,2,1.26,4,0,17
Henry,1,4,90,0,1,0,0.74,0,2,1.26,0,0,20
Hickey,1,0,71,0,0,0.03,0.08,0,2,1.02,0,0,7
Janelt,1,2,90,0,0,0.02,0.01,0,2,1.26,0,0,6
Jensen,1,4,48,0,1,0,0.03,0,2,0.69,0,0,9
Lewis-Potter,1,0,0,0,0,0,0,0,0,0,0,0,0
Mbeumo,1,7,90,1,0,1.35,0.03,0,2,1.26,0,0,14
Mee,1,0,0,0,0,0,0,0,0,0,0,0,0
Norgaard,1,2,71,0,0,0,0.01,0,2,1.02,0,0,9
Onyeka,1,0,0,0,0,0,0,0,0,0,0,0,0
Pinnock,1,1,90,0,0,0,0,0,2,1.26,0,0,14
Raya,1,0,0,0,0,0,0,0,0,0,0,0,0
Schade,1,1,18,0,0,0.27,0,0,0,0.24,0,0,-1
Toney,1,0,0,0,0,0,0,0,0,0,0,0,0
Wissa,1,9,71,1,0,0.24,0.05,0,2,1.02,0,3,33
Adingra,1,6,16,1,0,0.25,0.01,0,1,1.04,0,0,20
Caicedo,1,0,0,0,0,0,0,0,0,0,0,0,0
Dahoud,1,3,73,0,0,0.04,0.11,1,0,0.41,0,0,12
Dunk,1,2,90,0,0,0.12,0.59,0,1,1.45,0,0,10
Enciso,1,1,2,0,0,0,0,0,0,0.25,0,0,2
Estupinan,1,7,90,0,1,0.11,0.86,0,1,1.45,0,3,34
Ferguson,1,5,12,1,0,0.89,0.03,0,1,1.04,0,0,25
Gilmour,1,1,16,0,0,0.02,0.05,0,1,1.04,0,0,4
Gross,1,2,90,0,0,0.49,0.47,0,1,1.45,0,0,18
Joao Pedro,1,7,87,1,0,1.3,0.03,0,1,1.2,0,1,26
Lallana,1,0,0,0,0,0,0,0,0,0,0,0,0
Lamptey,1,0,0,0,0,0,0,0,0,0,0,0,0
March,1,9,73,1,0,0.55,0.02,1,0,0.41,0,1,26
Milner,1,3,78,0,0,0,0.02,1,0,0.41,0,0,16
Mitoma,1,5,90,0,1,0.02,0.62,0,1,1.45,0,1,26
Sanchez,1,2,90,0,0,0,0,0,1,1.28,0,0,9
Steele,1,2,90,0,0,0,0,0,1,1.45,2,0,18
Van Hecke,1,2,90,0,0,0.02,0,0,1,1.45,0,0,19
Veltman,1,1,11,0,0,0,0,0,1,1.04,0,0,2
Verbruggen,1,0,0,0,0,0,0,0,0,0,0,0,0
Webster,1,0,0,0,0,0,0,0,0,0,0,0,0
Welbeck,1,2,77,0,0,0.31,0.1,1,0,0.41,0,0,5
Al-Dakhil,1,1,90,0,0,0,0.01,0,3,2.21,0,0,12
Benson,1,1,16,0,0,0,0,0,1,1.2,0,0,-1
Beyer,1,1,73,0,0,0,0,0,2,1.01,0,0,18
Brownhill,1,1,1,0,0,0,0,0,0,0.12,0,0,3
Cork,1,0,0,0,0,0,0,0,0,0,0,0,0
Cullen,1,2,90,0,0,0,0.01,0,3,2.21,0,0,12
Foster,1,2,90,0,0,0.14,0.04,0,3,2.09,0,0,5
Gudmundsson,1,0,0,0,0,0,0,0,0,0,0,0,0
O'Shea,1,1,90,0,0,0,0,0,3,2.21,0,0,12
Roberts,1,1,90,0,0,0,0.01,0,3,2.21,0,0,10
Rodriguez,1,0,0,0,0,0,0,0,0,0,0,0,0
Taylor,1,0,0,0,0,0,0,0,0,0,0,0,0
Vitinho,1,1,90,0,0,0,0.03,0,3,2.21,0,0,6
Chalobah,1,0,0,0,0,0,0,0,0,0,0,0,0
Chilwell,1,7,89,0,1,0.11,0.23,0,1,1.26,0,2,24
Chukwuemeka,1,1,80,0,0,0,0.15,0,1,1.23,0,0,4
Colwill,1,2,90,0,0,0.08,0.01,0,1,1.28,0,0,19
Cucurella,1,0,0,0,0,0,0,0,0,0,0,0,0
Enzo,1,1,90,0,0,0.06,0.11,0,1,1.28,0,0,18
W.Fofana,1,0,0,0,0,0,0,0,0,0,0,0,0
Gallagher,1,2,90,0,0,0,0.02,0,1,1.28,0,0,14
Gusto,1,1,14,0,0,0,0.01,0,0,0.04,0,0,3
Hudson-Odoi,1,0,0,0,0,0,0,0,0,0,0,0,0
James,1,2,75,0,0,0.03,0.42,0,1,1.23,0,0,15
Madueke,1,0,0,0,0,0,0,0,0,0,0,0,0
Mount,1,3,67,0,0,0,0.02,1,0,1.19,0,0,7
Mudryk,1,1,9,0,0,0,0.01,0,0,0.04,0,0,5
N.Jackson,1,1,90,0,0,0.53,0.01,0,1,1.28,0,0,-6
Nkunku,1,0,0,0,0,0,0,0,0,0,0,0,0
M.Sarr,1,0,0,0,0,0,0,0,0,0,0,0,0
Sterling,1,2,80,0,0,0,0.09,0,1,1.23,0,0,8
T.Silva,1,2,90,0,0,0,0.07,0,1,1.28,0,0,19
Ahamada,1,0,0,0,0,0,0,0,0,0,0,0,0
Andersen,1,9,90,0,0,0.15,0.11,1,0,0.49,0,3,31
J.Ayew,1,6,90,0,1,0.09,0.36,1,0,0.49,0,0,14
C.Doucoure,1,3,90,0,0,0.01,0.03,1,0,0.49,0,0,12
Edouard,1,7,90,1,0,1.12,0.14,1,0,0.49,0,1,27
Eze,1,3,90,0,0,0.51,0.58,1,0,0.49,0,0,21
Guehi,1,6,90,0,0,0.04,0.01,1,0,0.49,0,0,26
Hughes,1,0,0,0,0,0,0,0,0,0,0,0,0
Johnstone,1,6,90,0,0,0,0,1,0,0.49,1,0,22
Lerma,1,3,90,0,0,0.02,0.02,1,0,0.49,0,0,12
Mateta,1,0,0,0,0,0,0,0,0,0,0,0,0
Mitchell,1,8,90,0,0,0,0.02,1,0,0.49,0,2,29
Olise,1,0,0,0,0,0,0,0,0,0,0,0,0
Schlupp,1,3,90,0,0,0.06,0.08,1,0,0.49,0,0,9
Tomkins,1,1,1,0,0,0,0,0,0,0,0,0,3
Ward,1,6,90,0,0,0,0.02,1,0,0.49,0,0,21
Branthwaite,1,0,0,0,0,0,0,0,0,0,0,0,0
Calvert-Lewin,1,0,0,0,0,0,0,0,0,0,0,0,0
A.Doucoure,1,2,90,0,0,0.56,0.1,0,1,1.5,0,0,7
Garner,1,2,82,0,0,0,0.01,0,1,1.33,0,0,12
Godfrey,1,0,0,0,0,0,0,0,0,0,0,0,0
Gana,1,2,90,0,0,0.06,0.03,0,1,1.5,0,0,15
Iwobi,1,2,90,0,0,0.32,0.28,0,1,1.5,0,0,9
Keane,1,2,90,0,0,0.04,0.02,0,1,1.5,0,0,16
Maupay,1,2,71,0,0,1.35,0,1,0,0.32,0,0,-4
McNeil,1,0,0,0,0,0,0,0,0,0,0,0,0
Mykolenko,1,0,0,0,0,0,0,0,0,0,0,0,0
Onana,1,2,90,0,0,0.05,0.38,0,1,1.5,0,0,18
Patterson,1,2,90,0,0,0.31,0.01,0,1,1.5,0,0,1
Pickford,1,2,90,0,0,0,0.01,0,1,1.5,1,0,10
Tarkowski,1,2,90,0,0,0.04,0.03,0,1,1.5,0,0,8
Andreas,1,4,32,0,1,0,0,0,0,0.6,0,0,10
Cairney,1,1,57,0,0,0.04,0.08,0,0,2.13,0,0,4
De Cordova-Reid,1,6,45,1,0,1.12,0.01,0,0,0.6,0,0,21
Diop,1,8,90,0,0,0,0.01,1,0,2.73,0,2,30
Leno,1,12,90,0,0,0,0,1,0,2.73,9,3,46
Lukic,1,3,90,0,0,0.02,0.01,1,0,2.73,0,0,15
J.Palhinha,1,0,0,0,0,0,0,0,0,0,0,0,0
Ream,1,7,90,0,0,0,0,1,0,2.73,0,1,28
Reed,1,3,90,0,0,0,0.08,1,0,2.73,0,0,13
Robinson,1,6,90,0,0,0,0.01,1,0,2.73,0,0,25
Tete,1,5,90,0,0,0,0.02,1,0,2.73,0,0,24
Tosin,1,0,0,0,0,0,0,0,0,0,0,0,0
H.Wilson,1,3,90,0,0,0.07,0.2,1,0,2.73,0,0,13
Alexander-Arnold,1,1,90,0,0,0,0.02,0,1,1.28,0,0,7
A.Becker,1,3,90,0,0,0,0,0,1,1.28,4,0,16
Bajcetic,1,0,0,0,0,0,0,0,0,0,0,0,0
Darwin,1,1,24,0,0,0.04,0.02,0,0,0.24,0,0,3
Diogo J.,1,1,65,0,0,0.07,0.01,0,1,1.04,0,0,3
Elliott,1,1,13,0,0,0,0.01,0,0,0.14,0,0,6
Gakpo,1,2,65,0,0,0,0.05,0,1,1.04,0,0,5
Gomez,1,0,0,0,0,0,0,0,0,0,0,0,0
Jones,1,1,24,0,0,0,0.01,0,0,0.24,0,0,1
Konate,1,2,90,0,0,0,0,0,1,1.28,0,0,14
Luis Diaz,1,8,76,1,0,0.83,0.04,0,1,1.28,0,1,20
Mac Allister,1,1,90,0,0,0,0.22,0,1,1.28,0,0,13
Matip,1,0,0,0,0,0,0,0,0,0,0,0,0
Phillips,1,0,0,0,0,0,0,0,0,0,0,0,0
Robertson,1,2,90,0,0,0,0.01,0,1,1.28,0,0,16
Salah,1,5,76,0,1,0.28,0.31,0,1,1.28,0,0,15
Szoboszlai,1,2,90,0,0,0.02,0.1,0,1,1.28,0,0,17
Thiago,1,0,0,0,0,0,0,0,0,0,0,0,0
Tsimikas,1,0,0,0,0,0,0,0,0,0,0,0,0
Virgil,1,2,90,0,0,0.03,0.02,0,1,1.28,0,0,13
Adebayo,1,2,63,0,0,0,0.09,0,1,1.55,0,0,5
M.Andersen,1,0,75,0,0,0,0,0,2,2.34,0,0,6
Bell,1,0,90,0,0,0,0,0,4,4.1,0,0,10
Burke,1,0,0,0,0,0,0,0,0,0,0,0,0
Doughty,1,0,26,0,0,0,0.02,0,3,2.55,0,0,2
McAtee,1,0,0,0,0,0,0,0,0,0,0,0,0
Morris,1,8,90,1,0,1.05,0.09,0,4,4.1,0,2,28
Ogbene,1,1,14,0,0,0,0,0,2,1.76,0,0,3
Woodrow,1,1,2,0,0,0,0.37,0,1,1.22,0,0,7
Akanji,1,6,90,0,0,0,0.01,1,0,0.3,0,0,23
Ake,1,7,78,0,0,0.31,0.01,1,0,0.23,0,1,32
J.Alvarez,1,5,90,0,1,0.39,0.37,1,0,0.3,0,0,25
Bernardo,1,3,90,0,0,0,0.03,1,0,0.3,0,0,11
De Bruyne,1,1,22,0,0,0.02,0.16,0,0,0.1,0,0,4
Ruben,1,0,0,0,0,0,0,0,0,0,0,0,0
Ederson M.,1,6,90,0,0,0,0.01,1,0,0.3,1,0,27
Foden,1,3,90,0,0,0.27,0.11,1,0,0.3,0,0,6
Grealish,1,0,0,0,0,0,0,0,0,0,0,0,0
Haaland,1,13,79,2,0,0.6,0.05,1,0,0.23,0,3,56
Kovačic,1,3,67,0,0,0,0.24,1,0,0.21,0,0,18
R.Lewis,1,6,78,0,0,0,0.01,1,0,0.23,0,0,25
Palmer,1,1,10,0,0,0,0.02,0,0,0.07,0,0,1
Rodrigo,1,13,90,1,1,0.5,0.17,1,0,0.3,0,2,42
Sergio Gomez,1,0,0,0,0,0,0,0,0,0,0,0,0
Stones,1,0,0,0,0,0,0,0,0,0,0,0,0
Walker,1,6,90,0,0,0,0.04,1,0,0.3,0,0,26
Antony,1,3,76,0,0,0.22,0.05,1,0,1.45,0,0,8
B.Fernandes,1,3,90,0,0,0.03,0.73,1,0,2.27,0,0,13
Casemiro,1,3,90,0,0,0,0.08,1,0,2.27,0,0,16
Dalot,1,0,0,0,0,0,0,0,0,0,0,0,0
Elanga,1,4,10,0,1,0,0.61,0,0,0.4,0,0,17
Eriksen,1,1,22,0,0,0,0.01,0,0,1.08,0,0,4
Garnacho,1,3,67,0,0,0.12,0.04,1,0,1.19,0,0,4
Lindelof,1,1,45,0,0,0,0,0,0,2.03,0,0,5
Maguire,1,0,0,0,0,0,0,0,0,0,0,0,0
Malacia,1,0,0,0,0,0,0,0,0,0,0,0,0
Martial,1,0,0,0,0,0,0,0,0,0,0,0,0
L.Martinez,1,0,45,0,0,0,0.02,0,0,0.24,0,0,7
McTominay,1,1,2,0,0,0,0,0,0,0.46,0,0,4
R.Varane,1,14,90,1,0,0.55,0,1,0,2.27,0,2,38
Rashford,1,3,87,0,0,0.3,0.02,1,0,1.81,0,0,5
Sancho,1,1,22,0,0,0,0.05,0,0,1.08,0,0,4
Shaw,1,5,90,0,0,0,0.04,1,0,2.27,0,0,25
Wan-Bissaka,1,12,90,0,1,0,0.78,1,0,2.27,0,3,40
Almiron,1,2,85,0,0,0.07,0.07,0,1,1.58,0,0,20
Anderson,1,1,1,0,0,0,0,0,0,0.24,0,0,3
Botman,1,5,90,0,1,0.07,0.25,0,1,1.9,0,1,27
Bruno G.,1,1,84,0,0,0.09,0.03,0,1,1.58,0,0,6
Burn,1,2,90,0,0,0.16,0.01,0,1,1.9,0,0,9
Isak,1,13,67,2,0,0.76,0.02,0,1,1.5,0,3,51
Joelinton,1,2,90,0,0,0.12,0.16,0,1,1.9,0,0,13
Longstaff,1,1,5,0,0,0,0,0,0,0.32,0,0,3
Pope,1,3,90,0,0,0,0,0,1,1.9,5,0,18
Schar,1,2,90,0,0,0,0,0,1,1.9,0,0,14
Targett,1,0,0,0,0,0,0,0,0,0,0,0,0
Tonali,1,6,90,1,0,0.59,0.1,0,1,1.66,0,0,25
Trippier,1,2,90,0,0,0,0.26,0,1,1.9,0,0,22
Wilson,1,5,22,1,0,0.91,0,0,0,0.4,0,0,21
Aurier,1,1,90,0,0,0,0,0,2,0.83,0,0,10
Awoniyi,1,7,19,1,0,0.57,0,0,0,0.46,0,2,26
Boly,1,1,90,0,0,0.21,0.03,0,2,0.83,0,0,14
Danilo,1,2,70,0,0,0,0.01,0,2,0.38,0,0,8
Dennis,1,0,0,0,0,0,0,0,0,0,0,0,0
Gibbs-White,1,2,90,0,0,0.07,0.21,0,2,0.83,0,0,8
Kouyate,1,1,1,0,0,0.02,0,0,0,0.08,0,0,2
Mangala,1,1,89,0,0,0,0,0,2,0.75,0,0,-2
McKenna,1,1,90,0,0,0,0,0,2,0.83,0,0,8
Niakhate,1,0,0,0,0,0,0,0,0,0,0,0,0
Williams,1,1,18,0,0,0,0,0,0,0.46,0,0,4
Wood,1,1,1,0,0,0,0,0,0,0.08,0,0,3
Worrall,1,1,89,0,0,0,0,0,2,0.75,0,0,10
Yates,1,2,90,0,0,0,0.01,0,2,0.83,0,0,2
Ahmedhodzic,1,1,90,0,0,0.05,0,0,1,2.01,0,0,4
Baldock,1,2,90,0,0,0,0.02,0,1,2.01,0,0,6
Basham,1,2,79,0,0,0,0,0,1,1.8,0,0,6
Berge,1,2,90,0,0,0,0,0,3,2.09,0,0,5
Bogle,1,0,0,0,0,0,0,0,0,0,0,0,0
Egan,1,2,90,0,0,0.04,0,0,1,2.01,0,0,13
Fleck,1,0,0,0,0,0,0,0,0,0,0,0,0
Foderingham,1,4,90,0,0,0,0,0,1,2.01,7,0,22
McBurnie,1,0,0,0,0,0,0,0,0,0,0,0,0
Norwood,1,2,90,0,0,0.04,0.09,0,1,2.01,0,0,11
Osborn,1,2,86,0,0,0.12,0.01,0,1,2.01,0,0,6
Osula,1,1,90,0,0,0.24,0.01,0,1,2.01,0,0,-5
Bentancur,1,0,0,0,0,0,0,0,0,0,0,0,0
Bissouma,1,2,90,0,0,0.04,0.11,0,2,2.02,0,0,20
Davies,1,0,0,0,0,0,0,0,0,0,0,0,0
E.Royal,1,8,90,1,0,0.05,0.14,0,2,2.02,0,1,27
Hojbjerg,1,0,0,0,0,0,0,0,0,0,0,0,0
Kulusevski,1,2,90,0,0,0.04,0.36,0,2,2.02,0,0,12
Lo Celso,1,0,0,0,0,0,0,0,0,0,0,0,0
Maddison,1,9,90,0,2,0.07,0.94,0,2,2.02,0,2,31
Pedro Porro,1,0,0,0,0,0,0,0,0,0,0,0,0
Perisic,1,1,15,0,0,0,0.16,0,0,0.3,0,0,8
Reguilon,1,0,0,0,0,0,0,0,0,0,0,0,0
Richarlison,1,2,90,0,0,0.21,0.01,0,2,2.02,0,0,3
Romero,1,7,13,1,0,0.51,0.01,0,0,0,0,0,15
Sarr,1,1,15,0,0,0.12,0.01,0,0,0.3,0,0,4
Skipp,1,1,74,0,0,0,0.01,0,2,1.72,0,0,8
Son,1,2,74,0,0,0.08,0.05,0,2,1.72,0,0,5
Udogie,1,1,90,0,0,0,0.04,0,2,2.02,0,0,16
Vicario,1,1,90,0,0,0,0,0,2,2.02,4,0,15
N.Aguerd,1,2,90,0,0,0,0,0,1,1.37,0,0,8
Antonio,1,1,77,0,0,0,0.01,1,0,0.43,0,0,5
Areola,1,3,90,0,0,0,0,0,1,1.37,4,0,16
Benrahma,1,2,90,0,0,0.08,0.27,0,1,1.37,0,0,7
Bowen,1,9,90,1,0,0.22,0.35,0,1,1.37,0,3,29
Cornet,1,1,1,0,0,0,0,0,0,0,0,0,2
Coufal,1,2,90,0,0,0,0.16,0,1,1.37,0,0,12
Cresswell,1,0,0,0,0,0,0,0,0,0,0,0,0
Emerson,1,1,90,0,0,0,0.25,0,1,1.37,0,0,8
P.Fornals,1,2,85,0,0,0.09,0.09,0,1,1.35,0,0,8
Ings,1,1,12,0,0,0.12,0,0,1,0.94,0,0,1
Kehrer,1,1,4,0,0,0,0,0,0,0.02,0,0,3
L.Paqueta,1,1,90,0,0,0.18,0.21,0,1,1.37,0,0,11
Rice,1,2,90,0,0,0.25,0.03,0,1,1.18,0,0,18
Souček,1,7,90,0,1,0.37,0.01,0,1,1.37,0,2,24
Zouma,1,2,90,0,0,0,0,0,1,1.37,0,0,10
Ait-Nouri,1,1,76,0,0,0,0.01,0,1,1.18,0,0,9
H.Bueno,1,1,13,0,0,0.06,0.14,0,0,0.29,0,0,9
Dawson,1,2,90,0,0,0.06,0.08,0,1,1.46,0,0,15
Fabio Silva,1,1,13,0,0,0.33,0.01,0,0,0.29,0,0,6
Giles,1,0,90,0,0,0,0.22,0,4,4.1,0,0,16
Hee Chan,1,1,27,0,0,0.34,0.35,0,1,0.72,0,0,2
Raul,1,1,57,0,0,0.07,0.02,0,0,2.13,0,0,-3
Joao Gomes,1,2,87,0,0,0.01,0.03,0,1,1.46,0,0,20
Kalajdzic,1,1,2,0,0,0,0,0,0,0,0,0,4
Kilman,1,2,90,0,0,0.03,0.03,0,1,1.46,0,0,11
Lemina,1,1,90,0,0,0.1,0.01,0,1,1.46,0,0,11
Matheus N.,1,2,90,0,0,0,0.08,0,1,1.46,0,0,10
Neto,1,1,90,0,0,0.79,0.35,0,1,1.46,0,0,19
Jose Sa,1,2,90,0,0,0,0,0,1,1.46,2,0,12
Sarabia,1,3,62,0,0,0.06,0.3,1,0,0.74,0,0,6
N.Semedo,1,2,90,0,0,0,0.13,0,1,1.46,0,0,17
Lockyer,1,0,90,0,0,0,0.01,0,4,4.1,0,0,10
J.Robinson,1,2,79,0,0,0,0,0,1,1.8,0,0,10
Ogbonna,1,0,0,0,0,0,0,0,0,0,0,0,0
Mpanzu,1,2,87,0,0,0.26,0,0,3,2.88,0,0,-2
Solomon,1,0,0,0,0,0,0,0,0,0,0,0,0
Pau,1,0,59,0,0,0,0.02,0,3,2.36,0,0,12
J.Timber,1,0,49,0,0,0,0.01,0,0,0.28,0,0,3
Chong,1,2,87,0,0,0,0.01,0,3,2.88,0,0,4
Slimane,1,0,10,0,0,0,0,0,0,0.21,0,0,-2
Young,1,2,90,0,0,0,0.1,0,1,1.5,0,0,10
Cunha,1,2,76,0,0,0.49,0.03,0,1,1.18,0,0,3
Willian,1,0,45,0,0,0,0.04,0,0,2.13,0,0,0
Larouci,1,1,10,0,0,0,0,0,0,0.21,0,0,4
T.Benie,1,2,86,0,0,0,0.08,0,1,2.01,0,0,1
Amdouni,1,2,60,0,0,0.03,0,0,2,0.96,0,0,8
Kerkez,1,2,90,0,0,0,0.05,0,1,1.07,0,0,11
Trafford,1,2,90,0,0,0,0,0,3,2.21,5,0,22
A.Onana,1,9,90,0,0,0,0,1,0,2.27,6,1,32
Diaby,1,7,86,1,0,0.36,0.11,0,4,2.8,0,0,26
Redmond,1,1,1,0,0,0,0,0,0,0.12,0,0,3
Danjuma,1,1,18,0,0,0,0.01,0,1,1.18,0,0,2
Kabore,1,1,63,0,0,0.02,0.26,0,1,1.55,0,0,9
Barnes,1,11,22,1,1,0.62,0.54,0,0,0.4,0,2,36
Aina,1,0,71,0,0,0.02,0,0,2,0.38,0,0,9
Koleosho,1,2,60,0,0,0.06,0.03,0,2,0.96,0,0,4
Bruun Larsen,1,1,29,0,0,0.02,0.01,0,1,1.25,0,0,0
Maatsen,1,1,9,0,0,0,0.01,0,0,0.04,0,0,4
Bassey,1,0,0,0,0,0,0,0,0,0,0,0,0
Disasi,1,11,90,1,0,0.47,0.01,0,1,1.28,0,3,27
Ugochukwu,1,1,1,0,0,0,0,0,0,0.02,0,0,4
Kaminski,1,3,90,0,0,0,0,0,4,4.1,8,1,26
Gvardiol,1,1,11,0,0,0,0,0,0,0.07,0,0,7
Hojlund,1,0,0,0,0,0,0,0,0,0,0,0,0
Dobbin,1,1,7,0,0,0,0,0,0,0.16,0,0,3
Doak,1,1,13,0,0,0,0,0,0,0.14,0,0,3
Barkley,1,0,0,0,0,0,0,0,0,0,0,0,0
Brown,1,4,26,0,1,0.12,0,0,3,2.55,0,0,10
Vini Souza,1,1,10,0,0,0,0,0,0,0.21,0,0,2
Van de Ven,1,1,90,0,0,0.04,0.03,0,2,2.02,0,0,20
Alvarez,1,0,0,0,0,0,0,0,0,0,0,0,0
Aarons,1,2,74,0,0,0,0.07,0,1,0.88,0,0,17
Y. Chermiti,1,0,0,0,0,0,0,0,0,0,0,0,0
Onyango,1,0,0,0,0,0,0,0,0,0,0,0,0
Rak-Sakyi,1,0,0,0,0,0,0,0,0,0,0,0,0
Gordon,1,0,0,0,0,0,0,0,0,0,0,0,0
Zaniolo,1,0,0,0,0,0,0,0,0,0,0,0,0
Lenglet,1,0,0,0,0,0,0,0,0,0,0,0,0
Sinisterra,1,0,0,0,0,0,0,0,0,0,0,0,0
Ansu Fati,1,0,0,0,0,0,0,0,0,0,0,0,0
Delcroix,1,0,0,0,0,0,0,0,0,0,0,0,0
A.Ramsey,1,0,0,0,0,0,0,0,0,0,0,0,0
Lavia,1,0,0,0,0,0,0,0,0,0,0,0,0
Beto,1,0,0,0,0,0,0,0,0,0,0,0,0
Adama,1,0,0,0,0,0,0,0,0,0,0,0,0
Harris,1,0,0,0,0,0,0,0,0,0,0,0,0
Castagne,1,0,0,0,0,0,0,0,0,0,0,0,0
Endo,1,0,0,0,0,0,0,0,0,0,0,0,0
Gravenberch,1,0,0,0,0,0,0,0,0,0,0,0,0
Johnson,1,0,0,0,0,0,0,0,0,0,0,0,0
Doku,1,0,0,0,0,0,0,0,0,0,0,0,0
Amrabat,1,0,0,0,0,0,0,0,0,0,0,0,0
G.Montiel,1,0,0,0,0,0,0,0,0,0,0,0,0
Origi,1,0,0,0,0,0,0,0,0,0,0,0,0
Hamer,1,0,0,0,0,0,0,0,0,0,0,0,0
L.Thomas,1,0,0,0,0,0,0,0,0,0,0,0,0
Ward-Prowse,1,0,0,0,0,0,0,0,0,0,0,0,0
Kudus,1,0,0,0,0,0,0,0,0,0,0,0,0
